<?xml version = '1.0' encoding = 'UTF-8'?>
<Relation class="oracle.dbtools.crest.model.design.logical.Relation" name="Relation_11" directorySegmentName="seg_0" id="06707CA2-3991-B6AB-DB80-0EA6127171E1">
<createdBy>Korisnik</createdBy>
<createdTime>2025-02-04 22:17:58 UTC</createdTime>
<ownerDesignName>DjidodaKevinBAZA2</ownerDesignName>
<engineerTo>
<item key="6030BD70-210C-259F-F771-692879F4E892" value="true"/>
</engineerTo>
<sourcePk>4F4AB2D1-043D-DC3B-B04F-377DFECFE79D</sourcePk>
<targetPk>4F4AB2D1-043D-DC3B-B04F-377DFECFE79D</targetPk>
<identifying>true</identifying>
<optionalSource>true</optionalSource>
<optionalTarget>false</optionalTarget>
<sourceCardinality>1</sourceCardinality>
<sourceEntity>227E339F-C936-9C67-90B3-7C73E6636B7B</sourceEntity>
<targetCardinalityString>*</targetCardinalityString>
<targetEntity>BEE941AC-434F-0096-F346-0D83B27DC24A</targetEntity>
<transferable>true</transferable>
<deleteRule>NO ACTION</deleteRule>
</Relation>