<?xml version = '1.0' encoding = 'UTF-8'?>
<Relation class="oracle.dbtools.crest.model.design.logical.Relation" name="Relation_9" directorySegmentName="seg_0" id="0CE6045D-B7A8-2C22-89FB-5A5E23BEAB2B">
<createdBy>Korisnik</createdBy>
<createdTime>2025-02-04 22:13:48 UTC</createdTime>
<ownerDesignName>DjidodaKevinBAZA2</ownerDesignName>
<engineerTo>
<item key="6030BD70-210C-259F-F771-692879F4E892" value="true"/>
</engineerTo>
<sourcePk>0C6A6FEC-1663-A334-576B-73482C6037DF</sourcePk>
<identifying>true</identifying>
<optionalSource>true</optionalSource>
<optionalTarget>false</optionalTarget>
<sourceCardinality>1</sourceCardinality>
<sourceEntity>BDBEA797-B9E8-F940-CE48-AEC221B1F0A7</sourceEntity>
<targetCardinalityString>*</targetCardinalityString>
<targetEntity>BBAF1B80-5E9C-2220-FB0D-C475AA1675F6</targetEntity>
<transferable>true</transferable>
<deleteRule>NO ACTION</deleteRule>
</Relation>