<?xml version = '1.0' encoding = 'UTF-8'?>
<Relation class="oracle.dbtools.crest.model.design.logical.Relation" name="r1" directorySegmentName="seg_0" id="194C1243-A795-3F99-20EA-CAB0840BEEDB">
<createdBy>Korisnik</createdBy>
<createdTime>2025-02-04 22:06:33 UTC</createdTime>
<ownerDesignName>DjidodaKevinBAZA2</ownerDesignName>
<engineerTo>
<item key="6030BD70-210C-259F-F771-692879F4E892" value="true"/>
</engineerTo>
<sourcePk>5D525701-CF05-F840-6D1D-110ED44C8F9F</sourcePk>
<targetPk>5D525701-CF05-F840-6D1D-110ED44C8F9F</targetPk>
<identifying>false</identifying>
<optionalSource>true</optionalSource>
<optionalTarget>false</optionalTarget>
<sourceCardinality>1</sourceCardinality>
<sourceEntity>E7E819ED-B0E5-D8BD-4CAD-7057EB5A126D</sourceEntity>
<targetCardinalityString>*</targetCardinalityString>
<targetEntity>D273AA7D-3087-5EA7-A031-52BC2D19DB01</targetEntity>
<transferable>true</transferable>
<deleteRule>NO ACTION</deleteRule>
</Relation>