<?xml version = '1.0' encoding = 'UTF-8'?>
<Relation class="oracle.dbtools.crest.model.design.logical.Relation" name="Relation_3" directorySegmentName="seg_0" id="402F3B45-1661-81D4-F7D5-2FD9B30F07C2">
<createdBy>Korisnik</createdBy>
<createdTime>2025-02-04 22:09:16 UTC</createdTime>
<ownerDesignName>DjidodaKevinBAZA2</ownerDesignName>
<engineerTo>
<item key="6030BD70-210C-259F-F771-692879F4E892" value="true"/>
</engineerTo>
<sourcePk>D4419156-95DA-CFA5-EB81-2E8B52FDBD55</sourcePk>
<targetPk>D4419156-95DA-CFA5-EB81-2E8B52FDBD55</targetPk>
<identifying>false</identifying>
<optionalSource>false</optionalSource>
<optionalTarget>true</optionalTarget>
<sourceCardinality>1</sourceCardinality>
<sourceEntity>E025B56F-02FA-AA70-AB3A-79EF4359AB8D</sourceEntity>
<targetCardinalityString>*</targetCardinalityString>
<targetEntity>E7E819ED-B0E5-D8BD-4CAD-7057EB5A126D</targetEntity>
<transferable>true</transferable>
<deleteRule>NO ACTION</deleteRule>
</Relation>