<?xml version = '1.0' encoding = 'UTF-8'?>
<Relation class="oracle.dbtools.crest.model.design.logical.Relation" name="Relation_7" directorySegmentName="seg_0" id="4C3BAA89-B18C-A4D7-AFCF-9176852368D2">
<createdBy>Korisnik</createdBy>
<createdTime>2025-02-04 22:12:54 UTC</createdTime>
<ownerDesignName>DjidodaKevinBAZA2</ownerDesignName>
<engineerTo>
<item key="6030BD70-210C-259F-F771-692879F4E892" value="true"/>
</engineerTo>
<sourcePk>D4419156-95DA-CFA5-EB81-2E8B52FDBD55</sourcePk>
<identifying>true</identifying>
<optionalSource>false</optionalSource>
<optionalTarget>false</optionalTarget>
<sourceCardinality>1</sourceCardinality>
<sourceEntity>E025B56F-02FA-AA70-AB3A-79EF4359AB8D</sourceEntity>
<targetCardinalityString>*</targetCardinalityString>
<targetEntity>BBAF1B80-5E9C-2220-FB0D-C475AA1675F6</targetEntity>
<transferable>true</transferable>
<deleteRule>NO ACTION</deleteRule>
</Relation>