<?xml version = '1.0' encoding = 'UTF-8'?>
<Relation class="oracle.dbtools.crest.model.design.logical.Relation" name="Relation_5" directorySegmentName="seg_0" id="539B288A-1111-C02B-EA26-4CBC1376E66F">
<createdBy>Korisnik</createdBy>
<createdTime>2025-02-04 22:11:52 UTC</createdTime>
<ownerDesignName>DjidodaKevinBAZA2</ownerDesignName>
<engineerTo>
<item key="6030BD70-210C-259F-F771-692879F4E892" value="true"/>
</engineerTo>
<sourcePk>B78B4F78-3857-A5E3-DE62-A82E8B499137</sourcePk>
<identifying>true</identifying>
<optionalSource>true</optionalSource>
<optionalTarget>false</optionalTarget>
<sourceCardinality>1</sourceCardinality>
<sourceEntity>D5B88EB3-2CE8-74B4-53F8-732E1B2D84CA</sourceEntity>
<targetCardinalityString>*</targetCardinalityString>
<targetEntity>BEE941AC-434F-0096-F346-0D83B27DC24A</targetEntity>
<transferable>true</transferable>
<deleteRule>NO ACTION</deleteRule>
</Relation>