<?xml version = '1.0' encoding = 'UTF-8'?>
<Relation class="oracle.dbtools.crest.model.design.logical.Relation" name="Relation_6" directorySegmentName="seg_0" id="7BA002CE-3932-D6FF-6C1B-401783C0CF9A">
<createdBy>Korisnik</createdBy>
<createdTime>2025-02-04 22:12:21 UTC</createdTime>
<ownerDesignName>DjidodaKevinBAZA2</ownerDesignName>
<engineerTo>
<item key="6030BD70-210C-259F-F771-692879F4E892" value="true"/>
</engineerTo>
<sourcePk>B78B4F78-3857-A5E3-DE62-A82E8B499137</sourcePk>
<identifying>true</identifying>
<optionalSource>true</optionalSource>
<optionalTarget>false</optionalTarget>
<sourceCardinality>1</sourceCardinality>
<sourceEntity>D5B88EB3-2CE8-74B4-53F8-732E1B2D84CA</sourceEntity>
<targetCardinalityString>*</targetCardinalityString>
<targetEntity>A1C3EE6B-CB1D-374F-F911-E2066DDB06DB</targetEntity>
<transferable>true</transferable>
<deleteRule>NO ACTION</deleteRule>
</Relation>