<?xml version = '1.0' encoding = 'UTF-8'?>
<Relation class="oracle.dbtools.crest.model.design.logical.Relation" name="Relation_10" directorySegmentName="seg_0" id="8158045B-1449-A29C-435C-1F6034344F98">
<createdBy>Korisnik</createdBy>
<createdTime>2025-02-04 22:14:27 UTC</createdTime>
<ownerDesignName>DjidodaKevinBAZA2</ownerDesignName>
<engineerTo>
<item key="6030BD70-210C-259F-F771-692879F4E892" value="true"/>
</engineerTo>
<targetPk>D4419156-95DA-CFA5-EB81-2E8B52FDBD55</targetPk>
<identifying>false</identifying>
<optionalSource>true</optionalSource>
<optionalTarget>false</optionalTarget>
<sourceCardinality>1</sourceCardinality>
<sourceEntity>E025B56F-02FA-AA70-AB3A-79EF4359AB8D</sourceEntity>
<targetCardinalityString>*</targetCardinalityString>
<targetEntity>E025B56F-02FA-AA70-AB3A-79EF4359AB8D</targetEntity>
<transferable>true</transferable>
<deleteRule>NO ACTION</deleteRule>
</Relation>