<?xml version = '1.0' encoding = 'UTF-8'?>
<Relation class="oracle.dbtools.crest.model.design.logical.Relation" name="Relation_8" directorySegmentName="seg_0" id="A2CA7EEC-A681-90E2-8C25-0152F41790F9">
<createdBy>Korisnik</createdBy>
<createdTime>2025-02-04 22:13:23 UTC</createdTime>
<ownerDesignName>DjidodaKevinBAZA2</ownerDesignName>
<engineerTo>
<item key="6030BD70-210C-259F-F771-692879F4E892" value="true"/>
</engineerTo>
<sourcePk>8C17CF53-325D-7B85-056A-67F18B61568B</sourcePk>
<identifying>true</identifying>
<optionalSource>false</optionalSource>
<optionalTarget>false</optionalTarget>
<sourceCardinality>1</sourceCardinality>
<sourceEntity>D273AA7D-3087-5EA7-A031-52BC2D19DB01</sourceEntity>
<targetCardinalityString>*</targetCardinalityString>
<targetEntity>BBAF1B80-5E9C-2220-FB0D-C475AA1675F6</targetEntity>
<transferable>true</transferable>
<deleteRule>NO ACTION</deleteRule>
</Relation>