<?xml version = '1.0' encoding = 'UTF-8'?>
<Relation class="oracle.dbtools.crest.model.design.logical.Relation" name="r2" directorySegmentName="seg_0" id="C3AA30FB-F075-14F4-DDB3-E1F013992D75">
<createdBy>Korisnik</createdBy>
<createdTime>2025-02-04 22:07:29 UTC</createdTime>
<ownerDesignName>DjidodaKevinBAZA2</ownerDesignName>
<engineerTo>
<item key="6030BD70-210C-259F-F771-692879F4E892" value="true"/>
</engineerTo>
<sourcePk>5D525701-CF05-F840-6D1D-110ED44C8F9F</sourcePk>
<targetPk>A0EB023C-C84B-5D4B-4C0F-7A9CF4F769E9</targetPk>
<identifying>false</identifying>
<optionalSource>false</optionalSource>
<optionalTarget>false</optionalTarget>
<sourceCardinality>1</sourceCardinality>
<sourceEntity>B41981CC-01AF-923D-32CE-94B926F38F09</sourceEntity>
<targetCardinalityString>1</targetCardinalityString>
<targetEntity>44775B74-9894-AE98-7B40-908D967DB5F8</targetEntity>
<transferable>true</transferable>
<deleteRule>NO ACTION</deleteRule>
</Relation>