<?xml version = '1.0' encoding = 'UTF-8'?>
<Relation class="oracle.dbtools.crest.model.design.logical.Relation" name="Relation_12" directorySegmentName="seg_0" id="F99F58A0-713F-2C95-8A58-510A0BA68982">
<createdBy>Korisnik</createdBy>
<createdTime>2025-02-04 22:18:59 UTC</createdTime>
<ownerDesignName>DjidodaKevinBAZA2</ownerDesignName>
<engineerTo>
<item key="6030BD70-210C-259F-F771-692879F4E892" value="true"/>
</engineerTo>
<sourcePk>5D525701-CF05-F840-6D1D-110ED44C8F9F</sourcePk>
<targetPk>5D525701-CF05-F840-6D1D-110ED44C8F9F</targetPk>
<identifying>false</identifying>
<optionalSource>true</optionalSource>
<optionalTarget>false</optionalTarget>
<sourceCardinality>1</sourceCardinality>
<sourceEntity>E7E819ED-B0E5-D8BD-4CAD-7057EB5A126D</sourceEntity>
<targetCardinalityString>*</targetCardinalityString>
<targetEntity>227E339F-C936-9C67-90B3-7C73E6636B7B</targetEntity>
<transferable>true</transferable>
<deleteRule>NO ACTION</deleteRule>
</Relation>