<?xml version = '1.0' encoding = 'UTF-8'?>
<Relation class="oracle.dbtools.crest.model.design.logical.Relation" name="Relation_4" directorySegmentName="seg_0" id="FF5BE7AC-C44F-1534-169B-043337B630E8">
<createdBy>Korisnik</createdBy>
<createdTime>2025-02-04 22:11:25 UTC</createdTime>
<ownerDesignName>DjidodaKevinBAZA2</ownerDesignName>
<engineerTo>
<item key="6030BD70-210C-259F-F771-692879F4E892" value="true"/>
</engineerTo>
<sourcePk>2985638D-5FE5-6946-5C32-D2473FA0EF22</sourcePk>
<targetPk>2985638D-5FE5-6946-5C32-D2473FA0EF22</targetPk>
<identifying>false</identifying>
<optionalSource>true</optionalSource>
<optionalTarget>false</optionalTarget>
<sourceCardinality>1</sourceCardinality>
<sourceEntity>F358823D-5A71-ED5F-7ECC-4195516C4C11</sourceEntity>
<targetCardinalityString>*</targetCardinalityString>
<targetEntity>D5B88EB3-2CE8-74B4-53F8-732E1B2D84CA</targetEntity>
<transferable>true</transferable>
<deleteRule>NO ACTION</deleteRule>
</Relation>