<?xml version = '1.0' encoding = 'UTF-8'?>
<relationalModel class="oracle.dbtools.crest.model.design.relational.RelationalDesign" name="Relational_1" id="6030BD70-210C-259F-F771-692879F4E892" mainViewID="F6A64AAE-F55B-CC33-8A9A-7B79AE7B422E">
<createdBy>Korisnik</createdBy>
<createdTime>2025-02-04 21:32:30 UTC</createdTime>
<ownerDesignName>DjidodaKevinBAZA2</ownerDesignName>
<shouldBeOpen>false</shouldBeOpen>
<selectedRDBMSSite>32076570-2523-435C-2E92-BF29817DFF70</selectedRDBMSSite>
</relationalModel>