<?xml version = '1.0' encoding = 'UTF-8'?>
<Diagram class="oracle.dbtools.crest.swingui.logical.DPVLogical" name="Logical" id="BF1C7E28-E235-0783-C215-121D01987D02">
<createdBy>Korisnik</createdBy>
<modifiedBy>Korisnik</modifiedBy>
<createdTime>2025-02-04 21:33:41 UTC</createdTime>
<autoRoute>false</autoRoute>
<boxInbox>true</boxInbox>
<showLegend>false</showLegend>
<showLabels>false</showLabels>
<showRelAttributes>false</showRelAttributes>
<gridEnabled>false</gridEnabled>
<showGrid>false</showGrid>
<diagramColor>-1</diagramColor>
<display>false</display>
<notation>1</notation>
<objectViews>
<OView class="oracle.dbtools.crest.swingui.logical.TVEntity" oid="227E339F-C936-9C67-90B3-7C73E6636B7B" otype="Entity" vid="69646849-CB66-7321-4170-D091456AC6F6">
<hideElementsInCurrentOnly>false</hideElementsInCurrentOnly>
<bounds x="38" y="396" width="170" height="73"/>
</OView>
<OView class="oracle.dbtools.crest.swingui.logical.TVEntity" oid="44775B74-9894-AE98-7B40-908D967DB5F8" otype="Entity" vid="3987E336-4C52-5390-2CDD-30C255FE78F0">
<hideElementsInCurrentOnly>false</hideElementsInCurrentOnly>
<bounds x="413" y="127" width="86" height="67"/>
</OView>
<OView class="oracle.dbtools.crest.swingui.logical.TVEntity" oid="751F1DD5-A540-9170-1ED8-FF5B0A532C18" otype="Entity" vid="461461F0-1A59-6ACA-5776-042B37CB949C">
<hideElementsInCurrentOnly>false</hideElementsInCurrentOnly>
<bounds x="135" y="196" width="117" height="46"/>
</OView>
<OView class="oracle.dbtools.crest.swingui.logical.TVEntity" oid="A1C3EE6B-CB1D-374F-F911-E2066DDB06DB" otype="Entity" vid="6416DB72-87DA-2B40-2491-C771951B6507">
<hideElementsInCurrentOnly>false</hideElementsInCurrentOnly>
<bounds x="826" y="420" width="170" height="110"/>
</OView>
<OView class="oracle.dbtools.crest.swingui.logical.TVEntity" oid="B41981CC-01AF-923D-32CE-94B926F38F09" otype="Entity" vid="881EBB5F-C44A-2048-2725-B70BDB7BB40A">
<hideElementsInCurrentOnly>false</hideElementsInCurrentOnly>
<bounds x="127" y="107" width="125" height="43"/>
</OView>
<OView class="oracle.dbtools.crest.swingui.logical.TVEntity" oid="BBAF1B80-5E9C-2220-FB0D-C475AA1675F6" otype="Entity" vid="C3C854C4-29A9-D685-F2BC-7BE18A7ECE91">
<hideElementsInCurrentOnly>false</hideElementsInCurrentOnly>
<bounds x="685" y="26" width="84" height="54"/>
</OView>
<OView class="oracle.dbtools.crest.swingui.logical.TVEntity" oid="BDBEA797-B9E8-F940-CE48-AEC221B1F0A7" otype="Entity" vid="0E6EEBAD-941B-A37B-47DE-8F4CC16FC90C">
<hideElementsInCurrentOnly>false</hideElementsInCurrentOnly>
<bounds x="903" y="26" width="72" height="51"/>
</OView>
<OView class="oracle.dbtools.crest.swingui.logical.TVEntity" oid="BEE941AC-434F-0096-F346-0D83B27DC24A" otype="Entity" vid="BEC3631F-1720-BC42-B11A-813C6CC32D9C">
<hideElementsInCurrentOnly>false</hideElementsInCurrentOnly>
<bounds x="307" y="399" width="170" height="60"/>
</OView>
<OView class="oracle.dbtools.crest.swingui.logical.TVEntity" oid="D273AA7D-3087-5EA7-A031-52BC2D19DB01" otype="Entity" vid="CC8D3678-D579-38EC-C01C-7C4EAEB976B8">
<hideElementsInCurrentOnly>false</hideElementsInCurrentOnly>
<bounds x="352" y="25" width="118" height="76"/>
</OView>
<OView class="oracle.dbtools.crest.swingui.logical.TVEntity" oid="D5B88EB3-2CE8-74B4-53F8-732E1B2D84CA" otype="Entity" vid="EBDFB727-DFEC-C6C4-F7E4-2A8E8FB3B8C4">
<hideElementsInCurrentOnly>false</hideElementsInCurrentOnly>
<bounds x="567" y="421" width="170" height="110"/>
</OView>
<OView class="oracle.dbtools.crest.swingui.logical.TVEntity" oid="E025B56F-02FA-AA70-AB3A-79EF4359AB8D" otype="Entity" vid="787C2894-9896-18A2-1461-985C68179555">
<hideElementsInCurrentOnly>false</hideElementsInCurrentOnly>
<bounds x="646" y="165" width="129" height="158"/>
</OView>
<OView class="oracle.dbtools.crest.swingui.logical.TVEntity" oid="E7E819ED-B0E5-D8BD-4CAD-7057EB5A126D" otype="Entity" vid="4E3B5BF4-928E-7DBE-B9C1-59CAB945D3AF">
<hideElementsInCurrentOnly>false</hideElementsInCurrentOnly>
<bounds x="0" y="78" width="262" height="174"/>
</OView>
<OView class="oracle.dbtools.crest.swingui.logical.TVEntity" oid="F358823D-5A71-ED5F-7ECC-4195516C4C11" otype="Entity" vid="09EDE2E9-B2B8-13B9-4540-8BF70102A462">
<hideElementsInCurrentOnly>false</hideElementsInCurrentOnly>
<bounds x="565" y="634" width="170" height="65"/>
</OView>
</objectViews>
<connectors>
<Connector class="oracle.dbtools.crest.swingui.logical.TVRelation" oid="06707CA2-3991-B6AB-DB80-0EA6127171E1" otype="Relation" vid_source="69646849-CB66-7321-4170-D091456AC6F6" vid_target="BEC3631F-1720-BC42-B11A-813C6CC32D9C">
<hideElementsInCurrentOnly>false</hideElementsInCurrentOnly>
<backgroundColor>-16777216</backgroundColor>
<lineWidth>1</lineWidth>
<points>
<point x="208" y="429"/>
<point x="307" y="429"/>
</points>
</Connector>
<Connector class="oracle.dbtools.crest.swingui.logical.TVRelation" oid="0CE6045D-B7A8-2C22-89FB-5A5E23BEAB2B" otype="Relation" vid_source="0E6EEBAD-941B-A37B-47DE-8F4CC16FC90C" vid_target="C3C854C4-29A9-D685-F2BC-7BE18A7ECE91">
<hideElementsInCurrentOnly>false</hideElementsInCurrentOnly>
<backgroundColor>-16777216</backgroundColor>
<lineWidth>1</lineWidth>
<points>
<point x="903" y="51"/>
<point x="769" y="51"/>
</points>
</Connector>
<Connector class="oracle.dbtools.crest.swingui.logical.TVRelation" oid="194C1243-A795-3F99-20EA-CAB0840BEEDB" otype="Relation" vid_source="4E3B5BF4-928E-7DBE-B9C1-59CAB945D3AF" vid_target="CC8D3678-D579-38EC-C01C-7C4EAEB976B8">
<hideElementsInCurrentOnly>false</hideElementsInCurrentOnly>
<backgroundColor>-16777216</backgroundColor>
<lineWidth>1</lineWidth>
<points>
<point x="262" y="89"/>
<point x="352" y="89"/>
</points>
</Connector>
<Connector class="oracle.dbtools.crest.swingui.logical.TVInheritanceRelation" oid="3B7B4E44-798F-6203-54F8-C01BD35E2A50" otype="Hierarchy relation" vid_source="4E3B5BF4-928E-7DBE-B9C1-59CAB945D3AF" vid_target="461461F0-1A59-6ACA-5776-042B37CB949C">
<hideElementsInCurrentOnly>false</hideElementsInCurrentOnly>
<backgroundColor>-65536</backgroundColor>
<lineWidth>1</lineWidth>
</Connector>
<Connector class="oracle.dbtools.crest.swingui.logical.TVRelation" oid="402F3B45-1661-81D4-F7D5-2FD9B30F07C2" otype="Relation" vid_source="787C2894-9896-18A2-1461-985C68179555" vid_target="4E3B5BF4-928E-7DBE-B9C1-59CAB945D3AF">
<hideElementsInCurrentOnly>false</hideElementsInCurrentOnly>
<backgroundColor>-16777216</backgroundColor>
<lineWidth>1</lineWidth>
<points>
<point x="646" y="208"/>
<point x="262" y="208"/>
</points>
</Connector>
<Connector class="oracle.dbtools.crest.swingui.logical.TVRelation" oid="4C3BAA89-B18C-A4D7-AFCF-9176852368D2" otype="Relation" vid_source="787C2894-9896-18A2-1461-985C68179555" vid_target="C3C854C4-29A9-D685-F2BC-7BE18A7ECE91">
<hideElementsInCurrentOnly>false</hideElementsInCurrentOnly>
<backgroundColor>-16777216</backgroundColor>
<lineWidth>1</lineWidth>
<points>
<point x="727" y="165"/>
<point x="727" y="80"/>
</points>
</Connector>
<Connector class="oracle.dbtools.crest.swingui.logical.TVRelation" oid="539B288A-1111-C02B-EA26-4CBC1376E66F" otype="Relation" vid_source="EBDFB727-DFEC-C6C4-F7E4-2A8E8FB3B8C4" vid_target="BEC3631F-1720-BC42-B11A-813C6CC32D9C">
<hideElementsInCurrentOnly>false</hideElementsInCurrentOnly>
<backgroundColor>-16777216</backgroundColor>
<lineWidth>1</lineWidth>
<points>
<point x="567" y="440"/>
<point x="477" y="440"/>
</points>
</Connector>
<Connector class="oracle.dbtools.crest.swingui.logical.TVRelation" oid="7BA002CE-3932-D6FF-6C1B-401783C0CF9A" otype="Relation" vid_source="EBDFB727-DFEC-C6C4-F7E4-2A8E8FB3B8C4" vid_target="6416DB72-87DA-2B40-2491-C771951B6507">
<hideElementsInCurrentOnly>false</hideElementsInCurrentOnly>
<backgroundColor>-16777216</backgroundColor>
<lineWidth>1</lineWidth>
<points>
<point x="737" y="475"/>
<point x="826" y="475"/>
</points>
</Connector>
<Connector class="oracle.dbtools.crest.swingui.logical.TVRelation" oid="8158045B-1449-A29C-435C-1F6034344F98" otype="Relation" vid_source="787C2894-9896-18A2-1461-985C68179555" vid_target="787C2894-9896-18A2-1461-985C68179555">
<hideElementsInCurrentOnly>false</hideElementsInCurrentOnly>
<backgroundColor>-16777216</backgroundColor>
<lineWidth>1</lineWidth>
<points>
<point x="775" y="257"/>
<point x="850" y="257"/>
<point x="850" y="398"/>
<point x="721" y="398"/>
<point x="721" y="323"/>
</points>
</Connector>
<Connector class="oracle.dbtools.crest.swingui.logical.TVInheritanceRelation" oid="8540AC20-4A20-2BC4-7555-17696926F81D" otype="Hierarchy relation" vid_source="4E3B5BF4-928E-7DBE-B9C1-59CAB945D3AF" vid_target="881EBB5F-C44A-2048-2725-B70BDB7BB40A">
<hideElementsInCurrentOnly>false</hideElementsInCurrentOnly>
<backgroundColor>-65536</backgroundColor>
<lineWidth>1</lineWidth>
</Connector>
<Connector class="oracle.dbtools.crest.swingui.logical.TVRelation" oid="A2CA7EEC-A681-90E2-8C25-0152F41790F9" otype="Relation" vid_source="CC8D3678-D579-38EC-C01C-7C4EAEB976B8" vid_target="C3C854C4-29A9-D685-F2BC-7BE18A7ECE91">
<hideElementsInCurrentOnly>false</hideElementsInCurrentOnly>
<backgroundColor>-16777216</backgroundColor>
<lineWidth>1</lineWidth>
<points>
<point x="470" y="53"/>
<point x="685" y="53"/>
</points>
</Connector>
<Connector class="oracle.dbtools.crest.swingui.logical.TVRelation" oid="C3AA30FB-F075-14F4-DDB3-E1F013992D75" otype="Relation" vid_source="881EBB5F-C44A-2048-2725-B70BDB7BB40A" vid_target="3987E336-4C52-5390-2CDD-30C255FE78F0">
<hideElementsInCurrentOnly>false</hideElementsInCurrentOnly>
<backgroundColor>-16777216</backgroundColor>
<lineWidth>1</lineWidth>
<points>
<point x="252" y="138"/>
<point x="413" y="138"/>
</points>
</Connector>
<Connector class="oracle.dbtools.crest.swingui.logical.TVRelation" oid="F99F58A0-713F-2C95-8A58-510A0BA68982" otype="Relation" vid_source="4E3B5BF4-928E-7DBE-B9C1-59CAB945D3AF" vid_target="69646849-CB66-7321-4170-D091456AC6F6">
<hideElementsInCurrentOnly>false</hideElementsInCurrentOnly>
<backgroundColor>-16777216</backgroundColor>
<lineWidth>1</lineWidth>
<points>
<point x="123" y="252"/>
<point x="123" y="396"/>
</points>
</Connector>
<Connector class="oracle.dbtools.crest.swingui.logical.TVRelation" oid="FF5BE7AC-C44F-1534-169B-043337B630E8" otype="Relation" vid_source="09EDE2E9-B2B8-13B9-4540-8BF70102A462" vid_target="EBDFB727-DFEC-C6C4-F7E4-2A8E8FB3B8C4">
<hideElementsInCurrentOnly>false</hideElementsInCurrentOnly>
<backgroundColor>-16777216</backgroundColor>
<lineWidth>1</lineWidth>
<points>
<point x="651" y="634"/>
<point x="651" y="531"/>
</points>
</Connector>
</connectors>
</Diagram>