<?xml version = '1.0' encoding = 'UTF-8'?>
<Entity class="oracle.dbtools.crest.model.design.logical.Entity" directorySegmentName="seg_0" id="227E339F-C936-9C67-90B3-7C73E6636B7B" name="NARUDZBA">
<createdBy>Korisnik</createdBy>
<createdTime>2025-02-04 21:40:18 UTC</createdTime>
<ownerDesignName>DjidodaKevinBAZA2</ownerDesignName>
<engineerTo>
<item key="6030BD70-210C-259F-F771-692879F4E892" value="true"/>
</engineerTo>
<adequatelyNormalized>NO</adequatelyNormalized>
<expectedVolumes>0</expectedVolumes>
<fwdEngineeringStrategyName>Single Table</fwdEngineeringStrategyName>
<growthPercent>0</growthPercent>
<growthType>Year</growthType>
<maxVolumes>9999999</maxVolumes>
<minVolumes>0</minVolumes>
<normalForm>Third</normalForm>
<attributes itemClass="oracle.dbtools.crest.model.design.logical.Attribute">
<Attribute name="ID_narudzbe" id="BD8E476E-5E2F-62A9-7BB3-8E446215076A">
<createdBy>Korisnik</createdBy>
<createdTime>2025-02-04 21:41:12 UTC</createdTime>
<ownerDesignName>DjidodaKevinBAZA2</ownerDesignName>
<engineerTo>
<item key="6030BD70-210C-259F-F771-692879F4E892" value="true"/>
</engineerTo>
<use>0</use>
<ownDataTypeParameters>,,</ownDataTypeParameters>
</Attribute>
<Attribute name="datum" id="6CFE984D-79BD-D21F-08F3-A8B1721E2910">
<createdBy>Korisnik</createdBy>
<createdTime>2025-02-04 21:41:12 UTC</createdTime>
<ownerDesignName>DjidodaKevinBAZA2</ownerDesignName>
<engineerTo>
<item key="6030BD70-210C-259F-F771-692879F4E892" value="true"/>
</engineerTo>
<use>0</use>
<ownDataTypeParameters>,,</ownDataTypeParameters>
</Attribute>
<Attribute name="vrijeme" id="9E976A8E-E245-7DE4-3AA6-917E4BEC25C9">
<createdBy>Korisnik</createdBy>
<createdTime>2025-02-04 21:41:12 UTC</createdTime>
<ownerDesignName>DjidodaKevinBAZA2</ownerDesignName>
<engineerTo>
<item key="6030BD70-210C-259F-F771-692879F4E892" value="true"/>
</engineerTo>
<use>0</use>
<ownDataTypeParameters>,,</ownDataTypeParameters>
</Attribute>
<Attribute name="ID_kupca" id="B05F00CE-A513-428E-DBEB-3F3D928A7CF9">
<createdBy>Korisnik</createdBy>
<createdTime>2025-02-04 22:25:43 UTC</createdTime>
<generatorID>F99F58A0-713F-2C95-8A58-510A0BA68982</generatorID>
<ownerDesignName>DjidodaKevinBAZA2</ownerDesignName>
<engineerTo>
<item key="6030BD70-210C-259F-F771-692879F4E892" value="true"/>
</engineerTo>
<referedAttribute>789BD1A0-4F4C-1F0F-38EF-D2588472752F</referedAttribute>
<use>0</use>
<ownDataTypeParameters>,,</ownDataTypeParameters>
</Attribute>
<Attribute name="e-mail" id="18CA580F-6B7A-AC47-3805-C59E7506A10C">
<createdBy>Korisnik</createdBy>
<createdTime>2025-02-04 22:25:43 UTC</createdTime>
<generatorID>F99F58A0-713F-2C95-8A58-510A0BA68982</generatorID>
<ownerDesignName>DjidodaKevinBAZA2</ownerDesignName>
<engineerTo>
<item key="6030BD70-210C-259F-F771-692879F4E892" value="true"/>
</engineerTo>
<referedAttribute>40C55AD8-CF05-D3A4-44EA-D53A92332B71</referedAttribute>
<use>0</use>
<ownDataTypeParameters>,,</ownDataTypeParameters>
</Attribute>
</attributes>
<identifiers itemClass="oracle.dbtools.crest.model.design.logical.CandidateKey">
<identifier id="4F4AB2D1-043D-DC3B-B04F-377DFECFE79D" name="NARUDZBA PK">
<createdBy>Korisnik</createdBy>
<createdTime>2025-02-04 21:41:33 UTC</createdTime>
<ownerDesignName>DjidodaKevinBAZA2</ownerDesignName>
<engineerTo>
<item key="6030BD70-210C-259F-F771-692879F4E892" value="true"/>
</engineerTo>
<pk>true</pk>
<usedAttributes>
<attributeRef>BD8E476E-5E2F-62A9-7BB3-8E446215076A</attributeRef>
</usedAttributes>
</identifier>
</identifiers>
</Entity>