<?xml version = '1.0' encoding = 'UTF-8'?>
<Entity class="oracle.dbtools.crest.model.design.logical.Entity" directorySegmentName="seg_0" id="44775B74-9894-AE98-7B40-908D967DB5F8" name="EKIPA">
<createdBy>Korisnik</createdBy>
<createdTime>2025-02-04 21:36:45 UTC</createdTime>
<ownerDesignName>DjidodaKevinBAZA2</ownerDesignName>
<engineerTo>
<item key="6030BD70-210C-259F-F771-692879F4E892" value="true"/>
</engineerTo>
<adequatelyNormalized>NO</adequatelyNormalized>
<expectedVolumes>0</expectedVolumes>
<fwdEngineeringStrategyName>Single Table</fwdEngineeringStrategyName>
<growthPercent>0</growthPercent>
<growthType>Year</growthType>
<maxVolumes>9999999</maxVolumes>
<minVolumes>0</minVolumes>
<normalForm>Third</normalForm>
<attributes itemClass="oracle.dbtools.crest.model.design.logical.Attribute">
<Attribute name="ID_ekipa" id="97281B2B-9880-A03A-75EF-8A0BD2A1D662">
<createdBy>Korisnik</createdBy>
<createdTime>2025-02-04 21:36:53 UTC</createdTime>
<ownerDesignName>DjidodaKevinBAZA2</ownerDesignName>
<engineerTo>
<item key="6030BD70-210C-259F-F771-692879F4E892" value="true"/>
</engineerTo>
<use>0</use>
<ownDataTypeParameters>,,</ownDataTypeParameters>
</Attribute>
<Attribute name="naziv" id="6273E4DE-36E2-0981-659D-5F2FD23C2997">
<createdBy>Korisnik</createdBy>
<createdTime>2025-02-04 21:36:53 UTC</createdTime>
<ownerDesignName>DjidodaKevinBAZA2</ownerDesignName>
<engineerTo>
<item key="6030BD70-210C-259F-F771-692879F4E892" value="true"/>
</engineerTo>
<use>0</use>
<ownDataTypeParameters>,,</ownDataTypeParameters>
</Attribute>
<Attribute name="broj_clanova" id="D83CE1BA-64FD-50AB-48CC-4BEF17E1350A">
<createdBy>Korisnik</createdBy>
<createdTime>2025-02-04 21:36:54 UTC</createdTime>
<ownerDesignName>DjidodaKevinBAZA2</ownerDesignName>
<engineerTo>
<item key="6030BD70-210C-259F-F771-692879F4E892" value="true"/>
</engineerTo>
<use>0</use>
<ownDataTypeParameters>,,</ownDataTypeParameters>
</Attribute>
<Attribute name="ID_kupca" id="6BC13F2B-4C88-743E-6491-D93FDF023496">
<createdBy>Korisnik</createdBy>
<createdTime>2025-02-04 22:07:44 UTC</createdTime>
<generatorID>C3AA30FB-F075-14F4-DDB3-E1F013992D75</generatorID>
<ownerDesignName>DjidodaKevinBAZA2</ownerDesignName>
<engineerTo>
<item key="6030BD70-210C-259F-F771-692879F4E892" value="true"/>
</engineerTo>
<referedAttribute>789BD1A0-4F4C-1F0F-38EF-D2588472752F</referedAttribute>
<use>0</use>
<ownDataTypeParameters>,,</ownDataTypeParameters>
</Attribute>
<Attribute name="e-mail" id="EA3BFDB6-D701-E075-F2EA-E1FCBBD511E6">
<createdBy>Korisnik</createdBy>
<createdTime>2025-02-04 22:07:44 UTC</createdTime>
<generatorID>C3AA30FB-F075-14F4-DDB3-E1F013992D75</generatorID>
<ownerDesignName>DjidodaKevinBAZA2</ownerDesignName>
<engineerTo>
<item key="6030BD70-210C-259F-F771-692879F4E892" value="true"/>
</engineerTo>
<referedAttribute>40C55AD8-CF05-D3A4-44EA-D53A92332B71</referedAttribute>
<use>0</use>
<ownDataTypeParameters>,,</ownDataTypeParameters>
</Attribute>
</attributes>
<identifiers itemClass="oracle.dbtools.crest.model.design.logical.CandidateKey">
<identifier id="A0EB023C-C84B-5D4B-4C0F-7A9CF4F769E9" name="EKIPA PK">
<createdBy>Korisnik</createdBy>
<createdTime>2025-02-04 21:36:56 UTC</createdTime>
<ownerDesignName>DjidodaKevinBAZA2</ownerDesignName>
<engineerTo>
<item key="6030BD70-210C-259F-F771-692879F4E892" value="true"/>
</engineerTo>
<pk>true</pk>
<usedAttributes>
<attributeRef>97281B2B-9880-A03A-75EF-8A0BD2A1D662</attributeRef>
</usedAttributes>
</identifier>
</identifiers>
</Entity>