<?xml version = '1.0' encoding = 'UTF-8'?>
<Entity class="oracle.dbtools.crest.model.design.logical.Entity" directorySegmentName="seg_0" id="A1C3EE6B-CB1D-374F-F911-E2066DDB06DB" name="PROMJENA CIJENA">
<createdBy>Korisnik</createdBy>
<createdTime>2025-02-04 21:52:26 UTC</createdTime>
<ownerDesignName>DjidodaKevinBAZA2</ownerDesignName>
<engineerTo>
<item key="6030BD70-210C-259F-F771-692879F4E892" value="true"/>
</engineerTo>
<adequatelyNormalized>NO</adequatelyNormalized>
<expectedVolumes>0</expectedVolumes>
<fwdEngineeringStrategyName>Single Table</fwdEngineeringStrategyName>
<growthPercent>0</growthPercent>
<growthType>Year</growthType>
<maxVolumes>9999999</maxVolumes>
<minVolumes>0</minVolumes>
<normalForm>Third</normalForm>
<attributes itemClass="oracle.dbtools.crest.model.design.logical.Attribute">
<Attribute name="datum_pocetka" id="8CD352D0-62BA-E6BA-D264-E9DACF7168F6">
<createdBy>Korisnik</createdBy>
<createdTime>2025-02-04 21:53:20 UTC</createdTime>
<ownerDesignName>DjidodaKevinBAZA2</ownerDesignName>
<engineerTo>
<item key="6030BD70-210C-259F-F771-692879F4E892" value="true"/>
</engineerTo>
<use>0</use>
<ownDataTypeParameters>,,</ownDataTypeParameters>
</Attribute>
<Attribute name="datum_kraja" id="3C64EF1C-86FA-1081-D11A-F119867AEA7A">
<createdBy>Korisnik</createdBy>
<createdTime>2025-02-04 21:53:20 UTC</createdTime>
<ownerDesignName>DjidodaKevinBAZA2</ownerDesignName>
<engineerTo>
<item key="6030BD70-210C-259F-F771-692879F4E892" value="true"/>
</engineerTo>
<use>0</use>
<ownDataTypeParameters>,,</ownDataTypeParameters>
</Attribute>
<Attribute name="cijena" id="2646FCF5-359C-58E4-1C03-5585AD67D142">
<createdBy>Korisnik</createdBy>
<createdTime>2025-02-04 21:53:20 UTC</createdTime>
<ownerDesignName>DjidodaKevinBAZA2</ownerDesignName>
<engineerTo>
<item key="6030BD70-210C-259F-F771-692879F4E892" value="true"/>
</engineerTo>
<use>0</use>
<ownDataTypeParameters>,,</ownDataTypeParameters>
</Attribute>
<Attribute name="sadasnja_cijena" id="DDC90B90-8CF9-7F38-F766-4CFFF256C756">
<createdBy>Korisnik</createdBy>
<createdTime>2025-02-04 21:53:20 UTC</createdTime>
<ownerDesignName>DjidodaKevinBAZA2</ownerDesignName>
<engineerTo>
<item key="6030BD70-210C-259F-F771-692879F4E892" value="true"/>
</engineerTo>
<nullsAllowed>true</nullsAllowed>
<use>0</use>
<ownDataTypeParameters>,,</ownDataTypeParameters>
</Attribute>
<Attribute name="prosla_cijena" id="722F3149-58C2-C169-D107-142092231D6B">
<createdBy>Korisnik</createdBy>
<createdTime>2025-02-04 21:53:21 UTC</createdTime>
<ownerDesignName>DjidodaKevinBAZA2</ownerDesignName>
<engineerTo>
<item key="6030BD70-210C-259F-F771-692879F4E892" value="true"/>
</engineerTo>
<nullsAllowed>true</nullsAllowed>
<use>0</use>
<ownDataTypeParameters>,,</ownDataTypeParameters>
</Attribute>
<Attribute name="ID_artikla" id="B232B663-5D15-333F-D9B4-7E7CBDDC9476">
<createdBy>Korisnik</createdBy>
<createdTime>2025-02-04 22:12:34 UTC</createdTime>
<generatorID>7BA002CE-3932-D6FF-6C1B-401783C0CF9A</generatorID>
<ownerDesignName>DjidodaKevinBAZA2</ownerDesignName>
<engineerTo>
<item key="6030BD70-210C-259F-F771-692879F4E892" value="true"/>
</engineerTo>
<referedAttribute>8BC46C0D-BD31-8AEB-E1EF-2D944839B626</referedAttribute>
<use>0</use>
<ownDataTypeParameters>,,</ownDataTypeParameters>
</Attribute>
</attributes>
<identifiers itemClass="oracle.dbtools.crest.model.design.logical.CandidateKey">
<identifier id="FFB3F9CB-6E10-925B-901F-F8FC503CFBAC" name="PROMJENA CIJENA PK">
<createdBy>Korisnik</createdBy>
<createdTime>2025-02-04 22:15:57 UTC</createdTime>
<ownerDesignName>DjidodaKevinBAZA2</ownerDesignName>
<engineerTo>
<item key="6030BD70-210C-259F-F771-692879F4E892" value="true"/>
</engineerTo>
<pk>true</pk>
<usedAttributes>
<attributeRef>B232B663-5D15-333F-D9B4-7E7CBDDC9476</attributeRef>
</usedAttributes>
</identifier>
</identifiers>
</Entity>