<?xml version = '1.0' encoding = 'UTF-8'?>
<Entity class="oracle.dbtools.crest.model.design.logical.Entity" directorySegmentName="seg_0" id="B41981CC-01AF-923D-32CE-94B926F38F09" name="PREDSTAVNIK TIMA">
<createdBy>Korisnik</createdBy>
<createdTime>2025-02-04 22:00:19 UTC</createdTime>
<ownerDesignName>DjidodaKevinBAZA2</ownerDesignName>
<engineerTo>
<item key="6030BD70-210C-259F-F771-692879F4E892" value="true"/>
</engineerTo>
<adequatelyNormalized>NO</adequatelyNormalized>
<expectedVolumes>0</expectedVolumes>
<fwdEngineeringStrategyName>Single Table</fwdEngineeringStrategyName>
<growthPercent>0</growthPercent>
<growthType>Year</growthType>
<hierarchicalParent>E7E819ED-B0E5-D8BD-4CAD-7057EB5A126D</hierarchicalParent>
<maxVolumes>9999999</maxVolumes>
<minVolumes>0</minVolumes>
<normalForm>Third</normalForm>
<attributes itemClass="oracle.dbtools.crest.model.design.logical.Attribute">
<Attribute name="tim" id="EBF394FF-BE8D-3C02-EEAD-41B35721C62B">
<createdBy>Korisnik</createdBy>
<createdTime>2025-02-04 22:00:28 UTC</createdTime>
<ownerDesignName>DjidodaKevinBAZA2</ownerDesignName>
<engineerTo>
<item key="6030BD70-210C-259F-F771-692879F4E892" value="true"/>
</engineerTo>
<use>0</use>
<ownDataTypeParameters>,,</ownDataTypeParameters>
</Attribute>
<Attribute name="ID_ekipa" id="BE3E1E7A-46EE-FA14-3805-2D99D49F3C4C">
<createdBy>Korisnik</createdBy>
<createdTime>2025-02-04 22:07:56 UTC</createdTime>
<generatorID>C3AA30FB-F075-14F4-DDB3-E1F013992D75</generatorID>
<ownerDesignName>DjidodaKevinBAZA2</ownerDesignName>
<engineerTo>
<item key="6030BD70-210C-259F-F771-692879F4E892" value="true"/>
</engineerTo>
<referedAttribute>97281B2B-9880-A03A-75EF-8A0BD2A1D662</referedAttribute>
<use>0</use>
<ownDataTypeParameters>,,</ownDataTypeParameters>
</Attribute>
</attributes>
</Entity>