<?xml version = '1.0' encoding = 'UTF-8'?>
<Entity class="oracle.dbtools.crest.model.design.logical.Entity" directorySegmentName="seg_0" id="BBAF1B80-5E9C-2220-FB0D-C475AA1675F6" name="GRAD">
<createdBy>Korisnik</createdBy>
<createdTime>2025-02-04 21:34:54 UTC</createdTime>
<ownerDesignName>DjidodaKevinBAZA2</ownerDesignName>
<engineerTo>
<item key="6030BD70-210C-259F-F771-692879F4E892" value="true"/>
</engineerTo>
<adequatelyNormalized>NO</adequatelyNormalized>
<expectedVolumes>0</expectedVolumes>
<fwdEngineeringStrategyName>Single Table</fwdEngineeringStrategyName>
<growthPercent>0</growthPercent>
<growthType>Year</growthType>
<maxVolumes>9999999</maxVolumes>
<minVolumes>0</minVolumes>
<normalForm>Third</normalForm>
<attributes itemClass="oracle.dbtools.crest.model.design.logical.Attribute">
<Attribute name="pos._broj" id="9E620A9C-1691-0926-954A-38FE0BAF8117">
<createdBy>Korisnik</createdBy>
<createdTime>2025-02-04 21:35:02 UTC</createdTime>
<ownerDesignName>DjidodaKevinBAZA2</ownerDesignName>
<engineerTo>
<item key="6030BD70-210C-259F-F771-692879F4E892" value="true"/>
</engineerTo>
<use>0</use>
<ownDataTypeParameters>,,</ownDataTypeParameters>
</Attribute>
<Attribute name="naziv_grada" id="894767EC-6B03-6C15-530C-0032A9DC7C9B">
<createdBy>Korisnik</createdBy>
<createdTime>2025-02-04 21:35:02 UTC</createdTime>
<ownerDesignName>DjidodaKevinBAZA2</ownerDesignName>
<engineerTo>
<item key="6030BD70-210C-259F-F771-692879F4E892" value="true"/>
</engineerTo>
<use>0</use>
<ownDataTypeParameters>,,</ownDataTypeParameters>
</Attribute>
<Attribute name="ID_prod_pred" id="7CAEC657-17B3-6B69-E277-B0AFC4BBEEF6">
<createdBy>Korisnik</createdBy>
<createdTime>2025-02-04 22:13:10 UTC</createdTime>
<generatorID>4C3BAA89-B18C-A4D7-AFCF-9176852368D2</generatorID>
<ownerDesignName>DjidodaKevinBAZA2</ownerDesignName>
<engineerTo>
<item key="6030BD70-210C-259F-F771-692879F4E892" value="true"/>
</engineerTo>
<referedAttribute>F67B7059-7296-FCF5-9A2F-F81741845C07</referedAttribute>
<use>0</use>
<ownDataTypeParameters>,,</ownDataTypeParameters>
</Attribute>
<Attribute name="e-mail" id="10A0913B-53E9-2C14-915D-DEA5BB60A617">
<createdBy>Korisnik</createdBy>
<createdTime>2025-02-04 22:13:10 UTC</createdTime>
<generatorID>4C3BAA89-B18C-A4D7-AFCF-9176852368D2</generatorID>
<ownerDesignName>DjidodaKevinBAZA2</ownerDesignName>
<engineerTo>
<item key="6030BD70-210C-259F-F771-692879F4E892" value="true"/>
</engineerTo>
<referedAttribute>B051A2C6-4EA7-BA1A-E4F9-244E0D64A0FD</referedAttribute>
<use>0</use>
<ownDataTypeParameters>,,</ownDataTypeParameters>
</Attribute>
<Attribute name="ID_adresa_kupca" id="BAFB8DCF-6929-F860-82BB-1E7B52E82EC4">
<createdBy>Korisnik</createdBy>
<createdTime>2025-02-04 22:13:32 UTC</createdTime>
<generatorID>A2CA7EEC-A681-90E2-8C25-0152F41790F9</generatorID>
<ownerDesignName>DjidodaKevinBAZA2</ownerDesignName>
<engineerTo>
<item key="6030BD70-210C-259F-F771-692879F4E892" value="true"/>
</engineerTo>
<referedAttribute>66BDB669-913B-E73D-3BB8-2E7CFCB5B2F6</referedAttribute>
<use>0</use>
<ownDataTypeParameters>,,</ownDataTypeParameters>
</Attribute>
<Attribute name="ID" id="59A8E96F-3FA1-5807-089A-D9833E7916A3">
<createdBy>Korisnik</createdBy>
<createdTime>2025-02-04 22:14:01 UTC</createdTime>
<generatorID>0CE6045D-B7A8-2C22-89FB-5A5E23BEAB2B</generatorID>
<ownerDesignName>DjidodaKevinBAZA2</ownerDesignName>
<engineerTo>
<item key="6030BD70-210C-259F-F771-692879F4E892" value="true"/>
</engineerTo>
<referedAttribute>E98E290F-171B-CFC6-84F5-D9282A7A461A</referedAttribute>
<use>0</use>
<ownDataTypeParameters>,,</ownDataTypeParameters>
</Attribute>
</attributes>
<identifiers itemClass="oracle.dbtools.crest.model.design.logical.CandidateKey">
<identifier id="426A2A3B-5668-571F-531F-D5C6D014E9C4" name="GRAD PK">
<createdBy>Korisnik</createdBy>
<createdTime>2025-02-04 21:35:17 UTC</createdTime>
<ownerDesignName>DjidodaKevinBAZA2</ownerDesignName>
<engineerTo>
<item key="6030BD70-210C-259F-F771-692879F4E892" value="true"/>
</engineerTo>
<pk>true</pk>
<usedAttributes>
<attributeRef>9E620A9C-1691-0926-954A-38FE0BAF8117</attributeRef>
<attributeRef>BAFB8DCF-6929-F860-82BB-1E7B52E82EC4</attributeRef>
<attributeRef>59A8E96F-3FA1-5807-089A-D9833E7916A3</attributeRef>
<attributeRef>7CAEC657-17B3-6B69-E277-B0AFC4BBEEF6</attributeRef>
<attributeRef>10A0913B-53E9-2C14-915D-DEA5BB60A617</attributeRef>
</usedAttributes>
</identifier>
</identifiers>
</Entity>