<?xml version = '1.0' encoding = 'UTF-8'?>
<Entity class="oracle.dbtools.crest.model.design.logical.Entity" directorySegmentName="seg_0" id="BDBEA797-B9E8-F940-CE48-AEC221B1F0A7" name="DRZAVA">
<createdBy>Korisnik</createdBy>
<createdTime>2025-02-04 21:35:50 UTC</createdTime>
<ownerDesignName>DjidodaKevinBAZA2</ownerDesignName>
<engineerTo>
<item key="6030BD70-210C-259F-F771-692879F4E892" value="true"/>
</engineerTo>
<adequatelyNormalized>NO</adequatelyNormalized>
<expectedVolumes>0</expectedVolumes>
<fwdEngineeringStrategyName>Single Table</fwdEngineeringStrategyName>
<growthPercent>0</growthPercent>
<growthType>Year</growthType>
<maxVolumes>9999999</maxVolumes>
<minVolumes>0</minVolumes>
<normalForm>Third</normalForm>
<attributes itemClass="oracle.dbtools.crest.model.design.logical.Attribute">
<Attribute name="ID" id="E98E290F-171B-CFC6-84F5-D9282A7A461A">
<createdBy>Korisnik</createdBy>
<createdTime>2025-02-04 21:36:03 UTC</createdTime>
<ownerDesignName>DjidodaKevinBAZA2</ownerDesignName>
<engineerTo>
<item key="6030BD70-210C-259F-F771-692879F4E892" value="true"/>
</engineerTo>
<use>0</use>
<ownDataTypeParameters>,,</ownDataTypeParameters>
</Attribute>
<Attribute name="naziv" id="0FB57909-00B5-AD4F-7947-B205467B54D8">
<createdBy>Korisnik</createdBy>
<createdTime>2025-02-04 21:36:03 UTC</createdTime>
<ownerDesignName>DjidodaKevinBAZA2</ownerDesignName>
<engineerTo>
<item key="6030BD70-210C-259F-F771-692879F4E892" value="true"/>
</engineerTo>
<use>0</use>
<ownDataTypeParameters>,,</ownDataTypeParameters>
</Attribute>
</attributes>
<identifiers itemClass="oracle.dbtools.crest.model.design.logical.CandidateKey">
<identifier id="0C6A6FEC-1663-A334-576B-73482C6037DF" name="DRZAVA PK">
<createdBy>Korisnik</createdBy>
<createdTime>2025-02-04 21:36:13 UTC</createdTime>
<ownerDesignName>DjidodaKevinBAZA2</ownerDesignName>
<engineerTo>
<item key="6030BD70-210C-259F-F771-692879F4E892" value="true"/>
</engineerTo>
<pk>true</pk>
<usedAttributes>
<attributeRef>E98E290F-171B-CFC6-84F5-D9282A7A461A</attributeRef>
</usedAttributes>
</identifier>
</identifiers>
</Entity>