<?xml version = '1.0' encoding = 'UTF-8'?>
<Entity class="oracle.dbtools.crest.model.design.logical.Entity" directorySegmentName="seg_0" id="BEE941AC-434F-0096-F346-0D83B27DC24A" name="NARUCENI ARTIKL">
<createdBy>Korisnik</createdBy>
<createdTime>2025-02-04 21:46:09 UTC</createdTime>
<ownerDesignName>DjidodaKevinBAZA2</ownerDesignName>
<engineerTo>
<item key="6030BD70-210C-259F-F771-692879F4E892" value="true"/>
</engineerTo>
<adequatelyNormalized>NO</adequatelyNormalized>
<expectedVolumes>0</expectedVolumes>
<fwdEngineeringStrategyName>Single Table</fwdEngineeringStrategyName>
<growthPercent>0</growthPercent>
<growthType>Year</growthType>
<maxVolumes>9999999</maxVolumes>
<minVolumes>0</minVolumes>
<normalForm>Third</normalForm>
<attributes itemClass="oracle.dbtools.crest.model.design.logical.Attribute">
<Attribute name="narucena_kolicina" id="294DFD9B-D29F-9FD8-25E0-9B0DC1455AE7">
<createdBy>Korisnik</createdBy>
<createdTime>2025-02-04 21:46:18 UTC</createdTime>
<ownerDesignName>DjidodaKevinBAZA2</ownerDesignName>
<engineerTo>
<item key="6030BD70-210C-259F-F771-692879F4E892" value="true"/>
</engineerTo>
<use>0</use>
<ownDataTypeParameters>,,</ownDataTypeParameters>
</Attribute>
<Attribute name="isporucena_kolicina" id="AA4C97D4-584C-D2A8-E4A0-A3EA9B97419C">
<createdBy>Korisnik</createdBy>
<createdTime>2025-02-04 21:46:19 UTC</createdTime>
<ownerDesignName>DjidodaKevinBAZA2</ownerDesignName>
<engineerTo>
<item key="6030BD70-210C-259F-F771-692879F4E892" value="true"/>
</engineerTo>
<nullsAllowed>true</nullsAllowed>
<use>0</use>
<ownDataTypeParameters>,,</ownDataTypeParameters>
</Attribute>
<Attribute name="ID_artikla" id="D05BE32E-4260-D87E-BC1A-EEED1EDCA7F2">
<createdBy>Korisnik</createdBy>
<createdTime>2025-02-04 22:12:07 UTC</createdTime>
<generatorID>539B288A-1111-C02B-EA26-4CBC1376E66F</generatorID>
<ownerDesignName>DjidodaKevinBAZA2</ownerDesignName>
<engineerTo>
<item key="6030BD70-210C-259F-F771-692879F4E892" value="true"/>
</engineerTo>
<referedAttribute>8BC46C0D-BD31-8AEB-E1EF-2D944839B626</referedAttribute>
<use>0</use>
<ownDataTypeParameters>,,</ownDataTypeParameters>
</Attribute>
<Attribute name="ID_narudzbe" id="26C6DA0D-D941-DC79-D3DF-6D5F44115729">
<createdBy>Korisnik</createdBy>
<createdTime>2025-02-04 22:18:10 UTC</createdTime>
<generatorID>06707CA2-3991-B6AB-DB80-0EA6127171E1</generatorID>
<ownerDesignName>DjidodaKevinBAZA2</ownerDesignName>
<engineerTo>
<item key="6030BD70-210C-259F-F771-692879F4E892" value="true"/>
</engineerTo>
<referedAttribute>BD8E476E-5E2F-62A9-7BB3-8E446215076A</referedAttribute>
<use>0</use>
<ownDataTypeParameters>,,</ownDataTypeParameters>
</Attribute>
</attributes>
<identifiers itemClass="oracle.dbtools.crest.model.design.logical.CandidateKey">
<identifier id="977EF157-76E5-DA91-0254-72C121C0AB3C" name="NARUCENI ARTIKL PK">
<createdBy>Korisnik</createdBy>
<createdTime>2025-02-04 22:15:36 UTC</createdTime>
<ownerDesignName>DjidodaKevinBAZA2</ownerDesignName>
<engineerTo>
<item key="6030BD70-210C-259F-F771-692879F4E892" value="true"/>
</engineerTo>
<pk>true</pk>
<usedAttributes>
<attributeRef>D05BE32E-4260-D87E-BC1A-EEED1EDCA7F2</attributeRef>
<attributeRef>26C6DA0D-D941-DC79-D3DF-6D5F44115729</attributeRef>
</usedAttributes>
</identifier>
</identifiers>
</Entity>