<?xml version = '1.0' encoding = 'UTF-8'?>
<Entity class="oracle.dbtools.crest.model.design.logical.Entity" directorySegmentName="seg_0" id="D273AA7D-3087-5EA7-A031-52BC2D19DB01" name="ADRESA KUPCA">
<createdBy>Korisnik</createdBy>
<createdTime>2025-02-04 21:33:41 UTC</createdTime>
<ownerDesignName>DjidodaKevinBAZA2</ownerDesignName>
<engineerTo>
<item key="6030BD70-210C-259F-F771-692879F4E892" value="true"/>
</engineerTo>
<adequatelyNormalized>NO</adequatelyNormalized>
<expectedVolumes>0</expectedVolumes>
<fwdEngineeringStrategyName>Single Table</fwdEngineeringStrategyName>
<growthPercent>0</growthPercent>
<growthType>Year</growthType>
<maxVolumes>9999999</maxVolumes>
<minVolumes>0</minVolumes>
<normalForm>Third</normalForm>
<attributes itemClass="oracle.dbtools.crest.model.design.logical.Attribute">
<Attribute name="ID_adresa_kupca" id="66BDB669-913B-E73D-3BB8-2E7CFCB5B2F6">
<createdBy>Korisnik</createdBy>
<createdTime>2025-02-04 21:34:02 UTC</createdTime>
<ownerDesignName>DjidodaKevinBAZA2</ownerDesignName>
<engineerTo>
<item key="6030BD70-210C-259F-F771-692879F4E892" value="true"/>
</engineerTo>
<use>0</use>
<ownDataTypeParameters>,,</ownDataTypeParameters>
</Attribute>
<Attribute name="ulica" id="07C82DCC-290A-7528-3B43-72620574A9AD">
<createdBy>Korisnik</createdBy>
<createdTime>2025-02-04 21:34:02 UTC</createdTime>
<ownerDesignName>DjidodaKevinBAZA2</ownerDesignName>
<engineerTo>
<item key="6030BD70-210C-259F-F771-692879F4E892" value="true"/>
</engineerTo>
<use>0</use>
<ownDataTypeParameters>,,</ownDataTypeParameters>
</Attribute>
<Attribute name="kucni_broj" id="C7DB1E17-EBFE-949F-19C6-5D0BDCB1924C">
<createdBy>Korisnik</createdBy>
<createdTime>2025-02-04 21:34:02 UTC</createdTime>
<ownerDesignName>DjidodaKevinBAZA2</ownerDesignName>
<engineerTo>
<item key="6030BD70-210C-259F-F771-692879F4E892" value="true"/>
</engineerTo>
<use>0</use>
<ownDataTypeParameters>,,</ownDataTypeParameters>
</Attribute>
<Attribute name="ID_kupca" id="24206EA7-40C3-3E9F-5A68-96E8BCDCDFFF">
<createdBy>Korisnik</createdBy>
<createdTime>2025-02-04 22:07:06 UTC</createdTime>
<generatorID>194C1243-A795-3F99-20EA-CAB0840BEEDB</generatorID>
<ownerDesignName>DjidodaKevinBAZA2</ownerDesignName>
<engineerTo>
<item key="6030BD70-210C-259F-F771-692879F4E892" value="true"/>
</engineerTo>
<referedAttribute>789BD1A0-4F4C-1F0F-38EF-D2588472752F</referedAttribute>
<use>0</use>
<ownDataTypeParameters>,,</ownDataTypeParameters>
</Attribute>
<Attribute name="e-mail" id="EBFC9145-FCA3-0B98-940B-0A66760C8DB5">
<createdBy>Korisnik</createdBy>
<createdTime>2025-02-04 22:07:06 UTC</createdTime>
<generatorID>194C1243-A795-3F99-20EA-CAB0840BEEDB</generatorID>
<ownerDesignName>DjidodaKevinBAZA2</ownerDesignName>
<engineerTo>
<item key="6030BD70-210C-259F-F771-692879F4E892" value="true"/>
</engineerTo>
<referedAttribute>40C55AD8-CF05-D3A4-44EA-D53A92332B71</referedAttribute>
<use>0</use>
<ownDataTypeParameters>,,</ownDataTypeParameters>
</Attribute>
</attributes>
<identifiers itemClass="oracle.dbtools.crest.model.design.logical.CandidateKey">
<identifier id="8C17CF53-325D-7B85-056A-67F18B61568B" name="ADRESA KUPCA PK">
<createdBy>Korisnik</createdBy>
<createdTime>2025-02-04 21:34:28 UTC</createdTime>
<ownerDesignName>DjidodaKevinBAZA2</ownerDesignName>
<engineerTo>
<item key="6030BD70-210C-259F-F771-692879F4E892" value="true"/>
</engineerTo>
<pk>true</pk>
<usedAttributes>
<attributeRef>66BDB669-913B-E73D-3BB8-2E7CFCB5B2F6</attributeRef>
</usedAttributes>
</identifier>
</identifiers>
</Entity>