<?xml version = '1.0' encoding = 'UTF-8'?>
<Entity class="oracle.dbtools.crest.model.design.logical.Entity" directorySegmentName="seg_0" id="D5B88EB3-2CE8-74B4-53F8-732E1B2D84CA" name="ARTIKL">
<createdBy>Korisnik</createdBy>
<createdTime>2025-02-04 21:46:56 UTC</createdTime>
<ownerDesignName>DjidodaKevinBAZA2</ownerDesignName>
<engineerTo>
<item key="6030BD70-210C-259F-F771-692879F4E892" value="true"/>
</engineerTo>
<adequatelyNormalized>NO</adequatelyNormalized>
<expectedVolumes>0</expectedVolumes>
<fwdEngineeringStrategyName>Single Table</fwdEngineeringStrategyName>
<growthPercent>0</growthPercent>
<growthType>Year</growthType>
<maxVolumes>9999999</maxVolumes>
<minVolumes>0</minVolumes>
<normalForm>Third</normalForm>
<attributes itemClass="oracle.dbtools.crest.model.design.logical.Attribute">
<Attribute name="ID_artikla" id="8BC46C0D-BD31-8AEB-E1EF-2D944839B626">
<createdBy>Korisnik</createdBy>
<createdTime>2025-02-04 21:47:04 UTC</createdTime>
<ownerDesignName>DjidodaKevinBAZA2</ownerDesignName>
<engineerTo>
<item key="6030BD70-210C-259F-F771-692879F4E892" value="true"/>
</engineerTo>
<use>0</use>
<ownDataTypeParameters>,,</ownDataTypeParameters>
</Attribute>
<Attribute name="naziv" id="D171970E-BDBB-0A56-D871-36A5C5BAEB32">
<createdBy>Korisnik</createdBy>
<createdTime>2025-02-04 21:47:04 UTC</createdTime>
<ownerDesignName>DjidodaKevinBAZA2</ownerDesignName>
<engineerTo>
<item key="6030BD70-210C-259F-F771-692879F4E892" value="true"/>
</engineerTo>
<use>0</use>
<ownDataTypeParameters>,,</ownDataTypeParameters>
</Attribute>
<Attribute name="opis" id="C7C78765-9F46-330C-E975-74FC9FAF3D4C">
<createdBy>Korisnik</createdBy>
<createdTime>2025-02-04 21:47:04 UTC</createdTime>
<ownerDesignName>DjidodaKevinBAZA2</ownerDesignName>
<engineerTo>
<item key="6030BD70-210C-259F-F771-692879F4E892" value="true"/>
</engineerTo>
<use>0</use>
<ownDataTypeParameters>,,</ownDataTypeParameters>
</Attribute>
<Attribute name="kategorija" id="AAC2A942-0160-1DBB-99B9-8E544ABE1413">
<createdBy>Korisnik</createdBy>
<createdTime>2025-02-04 21:47:04 UTC</createdTime>
<ownerDesignName>DjidodaKevinBAZA2</ownerDesignName>
<engineerTo>
<item key="6030BD70-210C-259F-F771-692879F4E892" value="true"/>
</engineerTo>
<use>0</use>
<ownDataTypeParameters>,,</ownDataTypeParameters>
</Attribute>
<Attribute name="boja" id="DA0F99A1-1014-A25C-77BF-F7498CADD1B4">
<createdBy>Korisnik</createdBy>
<createdTime>2025-02-04 21:47:05 UTC</createdTime>
<ownerDesignName>DjidodaKevinBAZA2</ownerDesignName>
<engineerTo>
<item key="6030BD70-210C-259F-F771-692879F4E892" value="true"/>
</engineerTo>
<use>0</use>
<ownDataTypeParameters>,,</ownDataTypeParameters>
</Attribute>
<Attribute name="velicina" id="FA90B530-1701-8A69-5367-5B8DA3C21A68">
<createdBy>Korisnik</createdBy>
<createdTime>2025-02-04 21:47:05 UTC</createdTime>
<ownerDesignName>DjidodaKevinBAZA2</ownerDesignName>
<engineerTo>
<item key="6030BD70-210C-259F-F771-692879F4E892" value="true"/>
</engineerTo>
<use>0</use>
<ownDataTypeParameters>,,</ownDataTypeParameters>
</Attribute>
<Attribute name="ID_skladista" id="D3422750-44F3-AF17-607D-1A6548EC6D83">
<createdBy>Korisnik</createdBy>
<createdTime>2025-02-04 22:11:38 UTC</createdTime>
<generatorID>FF5BE7AC-C44F-1534-169B-043337B630E8</generatorID>
<ownerDesignName>DjidodaKevinBAZA2</ownerDesignName>
<engineerTo>
<item key="6030BD70-210C-259F-F771-692879F4E892" value="true"/>
</engineerTo>
<referedAttribute>9F8EDBA7-684E-F8DC-F9EB-F245A9F22B43</referedAttribute>
<use>0</use>
<ownDataTypeParameters>,,</ownDataTypeParameters>
</Attribute>
</attributes>
<identifiers itemClass="oracle.dbtools.crest.model.design.logical.CandidateKey">
<identifier id="B78B4F78-3857-A5E3-DE62-A82E8B499137" name="ARTIKL PK">
<createdBy>Korisnik</createdBy>
<createdTime>2025-02-04 21:47:33 UTC</createdTime>
<ownerDesignName>DjidodaKevinBAZA2</ownerDesignName>
<engineerTo>
<item key="6030BD70-210C-259F-F771-692879F4E892" value="true"/>
</engineerTo>
<pk>true</pk>
<usedAttributes>
<attributeRef>8BC46C0D-BD31-8AEB-E1EF-2D944839B626</attributeRef>
</usedAttributes>
</identifier>
</identifiers>
</Entity>