<?xml version = '1.0' encoding = 'UTF-8'?>
<Entity class="oracle.dbtools.crest.model.design.logical.Entity" directorySegmentName="seg_0" id="E025B56F-02FA-AA70-AB3A-79EF4359AB8D" name="PRODAJNI PREDSTAVNIK">
<createdBy>Korisnik</createdBy>
<createdTime>2025-02-04 21:37:29 UTC</createdTime>
<ownerDesignName>DjidodaKevinBAZA2</ownerDesignName>
<engineerTo>
<item key="6030BD70-210C-259F-F771-692879F4E892" value="true"/>
</engineerTo>
<adequatelyNormalized>NO</adequatelyNormalized>
<expectedVolumes>0</expectedVolumes>
<fwdEngineeringStrategyName>Single Table</fwdEngineeringStrategyName>
<growthPercent>0</growthPercent>
<growthType>Year</growthType>
<maxVolumes>9999999</maxVolumes>
<minVolumes>0</minVolumes>
<normalForm>Third</normalForm>
<attributes itemClass="oracle.dbtools.crest.model.design.logical.Attribute">
<Attribute name="ID_prod_pred" id="F67B7059-7296-FCF5-9A2F-F81741845C07">
<createdBy>Korisnik</createdBy>
<createdTime>2025-02-04 21:37:44 UTC</createdTime>
<ownerDesignName>DjidodaKevinBAZA2</ownerDesignName>
<engineerTo>
<item key="6030BD70-210C-259F-F771-692879F4E892" value="true"/>
</engineerTo>
<use>0</use>
<ownDataTypeParameters>,,</ownDataTypeParameters>
</Attribute>
<Attribute name="e-mail" id="B051A2C6-4EA7-BA1A-E4F9-244E0D64A0FD">
<createdBy>Korisnik</createdBy>
<createdTime>2025-02-04 21:37:44 UTC</createdTime>
<commentInRDBMS><![CDATA[secondary UID]]></commentInRDBMS>
<ownerDesignName>DjidodaKevinBAZA2</ownerDesignName>
<engineerTo>
<item key="6030BD70-210C-259F-F771-692879F4E892" value="true"/>
</engineerTo>
<use>0</use>
<ownDataTypeParameters>,,</ownDataTypeParameters>
</Attribute>
<Attribute name="broj_telefona" id="3BEF161C-54A6-F09B-A622-90F46DFE09AE">
<createdBy>Korisnik</createdBy>
<createdTime>2025-02-04 21:37:44 UTC</createdTime>
<ownerDesignName>DjidodaKevinBAZA2</ownerDesignName>
<engineerTo>
<item key="6030BD70-210C-259F-F771-692879F4E892" value="true"/>
</engineerTo>
<use>0</use>
<ownDataTypeParameters>,,</ownDataTypeParameters>
</Attribute>
<Attribute name="ime" id="C7224DCA-3B5A-AF89-FDCA-F1DD0778D7B5">
<createdBy>Korisnik</createdBy>
<createdTime>2025-02-04 21:37:45 UTC</createdTime>
<ownerDesignName>DjidodaKevinBAZA2</ownerDesignName>
<engineerTo>
<item key="6030BD70-210C-259F-F771-692879F4E892" value="true"/>
</engineerTo>
<use>0</use>
<ownDataTypeParameters>,,</ownDataTypeParameters>
</Attribute>
<Attribute name="prezime" id="1039FD2A-B4AD-03B4-44F3-CC9A9F32AC88">
<createdBy>Korisnik</createdBy>
<createdTime>2025-02-04 21:37:45 UTC</createdTime>
<ownerDesignName>DjidodaKevinBAZA2</ownerDesignName>
<engineerTo>
<item key="6030BD70-210C-259F-F771-692879F4E892" value="true"/>
</engineerTo>
<use>0</use>
<ownDataTypeParameters>,,</ownDataTypeParameters>
</Attribute>
<Attribute name="postotak_provizije" id="9E802369-4208-7901-E4C0-49A4625448ED">
<createdBy>Korisnik</createdBy>
<createdTime>2025-02-04 21:37:45 UTC</createdTime>
<ownerDesignName>DjidodaKevinBAZA2</ownerDesignName>
<engineerTo>
<item key="6030BD70-210C-259F-F771-692879F4E892" value="true"/>
</engineerTo>
<use>0</use>
<ownDataTypeParameters>,,</ownDataTypeParameters>
</Attribute>
<Attribute name="ulica" id="2F28F0E8-0496-01FA-31F2-974C1AED6322">
<createdBy>Korisnik</createdBy>
<createdTime>2025-02-04 21:39:16 UTC</createdTime>
<ownerDesignName>DjidodaKevinBAZA2</ownerDesignName>
<engineerTo>
<item key="6030BD70-210C-259F-F771-692879F4E892" value="true"/>
</engineerTo>
<use>0</use>
<ownDataTypeParameters>,,</ownDataTypeParameters>
</Attribute>
<Attribute name="kucni_broj" id="259F6595-00DA-33B9-4108-D1F34AA665EB">
<createdBy>Korisnik</createdBy>
<createdTime>2025-02-04 21:39:16 UTC</createdTime>
<ownerDesignName>DjidodaKevinBAZA2</ownerDesignName>
<engineerTo>
<item key="6030BD70-210C-259F-F771-692879F4E892" value="true"/>
</engineerTo>
<use>0</use>
<ownDataTypeParameters>,,</ownDataTypeParameters>
</Attribute>
<Attribute name="ID_prod_pred1" id="4DC8B566-8E1D-01B4-A5E4-631ECEE93334">
<createdBy>Korisnik</createdBy>
<createdTime>2025-02-04 22:14:27 UTC</createdTime>
<generatorID>8158045B-1449-A29C-435C-1F6034344F98</generatorID>
<ownerDesignName>DjidodaKevinBAZA2</ownerDesignName>
<engineerTo>
<item key="6030BD70-210C-259F-F771-692879F4E892" value="true"/>
</engineerTo>
<nullsAllowed>true</nullsAllowed>
<referedAttribute>F67B7059-7296-FCF5-9A2F-F81741845C07</referedAttribute>
<use>0</use>
<ownDataTypeParameters>,,</ownDataTypeParameters>
</Attribute>
<Attribute name="e-mail1" id="D7E7C587-CC70-7017-D4D4-A9928AE68BBD">
<createdBy>Korisnik</createdBy>
<createdTime>2025-02-04 22:14:27 UTC</createdTime>
<generatorID>8158045B-1449-A29C-435C-1F6034344F98</generatorID>
<ownerDesignName>DjidodaKevinBAZA2</ownerDesignName>
<engineerTo>
<item key="6030BD70-210C-259F-F771-692879F4E892" value="true"/>
</engineerTo>
<nullsAllowed>true</nullsAllowed>
<referedAttribute>B051A2C6-4EA7-BA1A-E4F9-244E0D64A0FD</referedAttribute>
<use>0</use>
<ownDataTypeParameters>,,</ownDataTypeParameters>
</Attribute>
</attributes>
<identifiers itemClass="oracle.dbtools.crest.model.design.logical.CandidateKey">
<identifier id="D4419156-95DA-CFA5-EB81-2E8B52FDBD55" name="PRODAJNI PREDSTAVNIK PK">
<createdBy>Korisnik</createdBy>
<createdTime>2025-02-04 21:37:58 UTC</createdTime>
<ownerDesignName>DjidodaKevinBAZA2</ownerDesignName>
<engineerTo>
<item key="6030BD70-210C-259F-F771-692879F4E892" value="true"/>
</engineerTo>
<pk>true</pk>
<usedAttributes>
<attributeRef>F67B7059-7296-FCF5-9A2F-F81741845C07</attributeRef>
<attributeRef>B051A2C6-4EA7-BA1A-E4F9-244E0D64A0FD</attributeRef>
</usedAttributes>
</identifier>
</identifiers>
</Entity>