<?xml version = '1.0' encoding = 'UTF-8'?>
<Entity class="oracle.dbtools.crest.model.design.logical.Entity" directorySegmentName="seg_0" id="E7E819ED-B0E5-D8BD-4CAD-7057EB5A126D" name="KUPAC">
<createdBy>Korisnik</createdBy>
<createdTime>2025-02-04 21:58:42 UTC</createdTime>
<ownerDesignName>DjidodaKevinBAZA2</ownerDesignName>
<engineerTo>
<item key="6030BD70-210C-259F-F771-692879F4E892" value="true"/>
</engineerTo>
<adequatelyNormalized>NO</adequatelyNormalized>
<expectedVolumes>0</expectedVolumes>
<fwdEngineeringStrategyName>Single Table</fwdEngineeringStrategyName>
<growthPercent>0</growthPercent>
<growthType>Year</growthType>
<maxVolumes>9999999</maxVolumes>
<minVolumes>0</minVolumes>
<normalForm>Third</normalForm>
<attributes itemClass="oracle.dbtools.crest.model.design.logical.Attribute">
<Attribute name="ID_kupca" id="789BD1A0-4F4C-1F0F-38EF-D2588472752F">
<createdBy>Korisnik</createdBy>
<createdTime>2025-02-04 21:58:56 UTC</createdTime>
<ownerDesignName>DjidodaKevinBAZA2</ownerDesignName>
<engineerTo>
<item key="6030BD70-210C-259F-F771-692879F4E892" value="true"/>
</engineerTo>
<use>0</use>
<ownDataTypeParameters>,,</ownDataTypeParameters>
</Attribute>
<Attribute name="ime" id="A51FC54F-F67D-3CA2-F7EC-7C5D433FC7C1">
<createdBy>Korisnik</createdBy>
<createdTime>2025-02-04 21:58:56 UTC</createdTime>
<ownerDesignName>DjidodaKevinBAZA2</ownerDesignName>
<engineerTo>
<item key="6030BD70-210C-259F-F771-692879F4E892" value="true"/>
</engineerTo>
<use>0</use>
<ownDataTypeParameters>,,</ownDataTypeParameters>
</Attribute>
<Attribute name="prezime" id="DC4311BF-2132-B6CA-AABD-9A16AA6103B0">
<createdBy>Korisnik</createdBy>
<createdTime>2025-02-04 21:58:57 UTC</createdTime>
<ownerDesignName>DjidodaKevinBAZA2</ownerDesignName>
<engineerTo>
<item key="6030BD70-210C-259F-F771-692879F4E892" value="true"/>
</engineerTo>
<use>0</use>
<ownDataTypeParameters>,,</ownDataTypeParameters>
</Attribute>
<Attribute name="e-mail" id="40C55AD8-CF05-D3A4-44EA-D53A92332B71">
<createdBy>Korisnik</createdBy>
<createdTime>2025-02-04 21:58:57 UTC</createdTime>
<commentInRDBMS><![CDATA[sekundarni UID]]></commentInRDBMS>
<ownerDesignName>DjidodaKevinBAZA2</ownerDesignName>
<engineerTo>
<item key="6030BD70-210C-259F-F771-692879F4E892" value="true"/>
</engineerTo>
<use>0</use>
<ownDataTypeParameters>,,</ownDataTypeParameters>
</Attribute>
<Attribute name="telefonski_broj" id="A5E96EA2-194A-4D4E-1254-87880F6D4CA7">
<createdBy>Korisnik</createdBy>
<createdTime>2025-02-04 21:58:57 UTC</createdTime>
<ownerDesignName>DjidodaKevinBAZA2</ownerDesignName>
<engineerTo>
<item key="6030BD70-210C-259F-F771-692879F4E892" value="true"/>
</engineerTo>
<nullsAllowed>true</nullsAllowed>
<use>0</use>
<ownDataTypeParameters>,,</ownDataTypeParameters>
</Attribute>
<Attribute name="iznos_kupnje" id="0C11AEFD-F288-5117-7416-E57AB889495C">
<createdBy>Korisnik</createdBy>
<createdTime>2025-02-04 21:58:57 UTC</createdTime>
<ownerDesignName>DjidodaKevinBAZA2</ownerDesignName>
<engineerTo>
<item key="6030BD70-210C-259F-F771-692879F4E892" value="true"/>
</engineerTo>
<use>0</use>
<ownDataTypeParameters>,,</ownDataTypeParameters>
</Attribute>
<Attribute name="ID_prod_pred" id="DA937DF6-EEF9-E124-33BC-759417C2F33E">
<createdBy>Korisnik</createdBy>
<createdTime>2025-02-04 22:09:45 UTC</createdTime>
<generatorID>402F3B45-1661-81D4-F7D5-2FD9B30F07C2</generatorID>
<ownerDesignName>DjidodaKevinBAZA2</ownerDesignName>
<engineerTo>
<item key="6030BD70-210C-259F-F771-692879F4E892" value="true"/>
</engineerTo>
<nullsAllowed>true</nullsAllowed>
<referedAttribute>F67B7059-7296-FCF5-9A2F-F81741845C07</referedAttribute>
<use>0</use>
<ownDataTypeParameters>,,</ownDataTypeParameters>
</Attribute>
<Attribute name="e-mail1" id="F75EE723-78C4-47F6-F75E-D2700B31FA64">
<createdBy>Korisnik</createdBy>
<createdTime>2025-02-04 22:09:45 UTC</createdTime>
<generatorID>402F3B45-1661-81D4-F7D5-2FD9B30F07C2</generatorID>
<ownerDesignName>DjidodaKevinBAZA2</ownerDesignName>
<engineerTo>
<item key="6030BD70-210C-259F-F771-692879F4E892" value="true"/>
</engineerTo>
<nullsAllowed>true</nullsAllowed>
<referedAttribute>B051A2C6-4EA7-BA1A-E4F9-244E0D64A0FD</referedAttribute>
<use>0</use>
<ownDataTypeParameters>,,</ownDataTypeParameters>
</Attribute>
</attributes>
<identifiers itemClass="oracle.dbtools.crest.model.design.logical.CandidateKey">
<identifier id="5D525701-CF05-F840-6D1D-110ED44C8F9F" name="KUPAC PK">
<createdBy>Korisnik</createdBy>
<createdTime>2025-02-04 21:59:06 UTC</createdTime>
<ownerDesignName>DjidodaKevinBAZA2</ownerDesignName>
<engineerTo>
<item key="6030BD70-210C-259F-F771-692879F4E892" value="true"/>
</engineerTo>
<pk>true</pk>
<usedAttributes>
<attributeRef>789BD1A0-4F4C-1F0F-38EF-D2588472752F</attributeRef>
<attributeRef>40C55AD8-CF05-D3A4-44EA-D53A92332B71</attributeRef>
</usedAttributes>
</identifier>
</identifiers>
</Entity>