<?xml version = '1.0' encoding = 'UTF-8'?>
<Entity class="oracle.dbtools.crest.model.design.logical.Entity" directorySegmentName="seg_0" id="F358823D-5A71-ED5F-7ECC-4195516C4C11" name="SKLADISTE">
<createdBy>Korisnik</createdBy>
<createdTime>2025-02-04 22:10:27 UTC</createdTime>
<ownerDesignName>DjidodaKevinBAZA2</ownerDesignName>
<engineerTo>
<item key="6030BD70-210C-259F-F771-692879F4E892" value="true"/>
</engineerTo>
<adequatelyNormalized>NO</adequatelyNormalized>
<expectedVolumes>0</expectedVolumes>
<fwdEngineeringStrategyName>Single Table</fwdEngineeringStrategyName>
<growthPercent>0</growthPercent>
<growthType>Year</growthType>
<maxVolumes>9999999</maxVolumes>
<minVolumes>0</minVolumes>
<normalForm>Third</normalForm>
<attributes itemClass="oracle.dbtools.crest.model.design.logical.Attribute">
<Attribute name="ID_skladista" id="9F8EDBA7-684E-F8DC-F9EB-F245A9F22B43">
<createdBy>Korisnik</createdBy>
<createdTime>2025-02-04 22:10:39 UTC</createdTime>
<ownerDesignName>DjidodaKevinBAZA2</ownerDesignName>
<engineerTo>
<item key="6030BD70-210C-259F-F771-692879F4E892" value="true"/>
</engineerTo>
<use>0</use>
<ownDataTypeParameters>,,</ownDataTypeParameters>
</Attribute>
<Attribute name="kolicina" id="DFB31853-763F-0DF5-892F-B5D72201292F">
<createdBy>Korisnik</createdBy>
<createdTime>2025-02-04 22:10:39 UTC</createdTime>
<ownerDesignName>DjidodaKevinBAZA2</ownerDesignName>
<engineerTo>
<item key="6030BD70-210C-259F-F771-692879F4E892" value="true"/>
</engineerTo>
<use>0</use>
<ownDataTypeParameters>,,</ownDataTypeParameters>
</Attribute>
</attributes>
<identifiers itemClass="oracle.dbtools.crest.model.design.logical.CandidateKey">
<identifier id="2985638D-5FE5-6946-5C32-D2473FA0EF22" name="SKLADISTE PK">
<createdBy>Korisnik</createdBy>
<createdTime>2025-02-04 22:10:53 UTC</createdTime>
<ownerDesignName>DjidodaKevinBAZA2</ownerDesignName>
<engineerTo>
<item key="6030BD70-210C-259F-F771-692879F4E892" value="true"/>
</engineerTo>
<pk>true</pk>
<usedAttributes>
<attributeRef>9F8EDBA7-684E-F8DC-F9EB-F245A9F22B43</attributeRef>
</usedAttributes>
</identifier>
</identifiers>
</Entity>